,count,mean,std,min,25%,50%,75%,max
Recency,9333.0,74.85170898960678,42.53213248529205,2.0,37.0,75.0,112.0,483.0
Frequency,9333.0,1.011036108432444,0.10850229317604902,1.0,1.0,1.0,1.0,3.0
Monetary,9333.0,245.63811100396444,641.6072760933417,13.89,68.18,122.42,217.55,29099.52
